{
  "split_name": "v2_validated_test",
  "source_artifact": "/Users/aris/Documents/VoiceProject/Zphyr/Evals/reports/seed_split_baseline_v2_validated_test_advanced_L2.json",
  "overall": {
    "wer": 0.23301126684360216,
    "cer": 0.09857341056407218,
    "total_examples": 167
  },
  "by_category": {
    "commands": {
      "wer": 0.16031746031746033,
      "cer": 0.027909800952561337,
      "count": 21
    },
    "corrections": {
      "wer": 0.2587121212121212,
      "cer": 0.12664439852642376,
      "count": 22
    },
    "lists": {
      "wer": 0.4072184429327287,
      "cer": 0.2555787832251923,
      "count": 21
    },
    "multilingual": {
      "wer": 0.13913690476190474,
      "cer": 0.026339921802097738,
      "count": 24
    },
    "prose": {
      "wer": 0.13800732600732601,
      "cer": 0.022283774950444077,
      "count": 25
    },
    "short": {
      "wer": 0.40972222222222227,
      "cer": 0.2443918908605441,
      "count": 24
    },
    "technical": {
      "wer": 0.156005291005291,
      "cer": 0.022255488374046662,
      "count": 30
    }
  },
  "null_edit_preservation": {
    "total": 0,
    "preserved": 0,
    "rate": 0.0
  },
  "protected_terms": {
    "total_examples_with_terms": 54,
    "total_terms": 78,
    "survived": 78,
    "accuracy": 1.0
  },
  "hard_negatives": {
    "total": 14,
    "passed": 0,
    "pass_rate": 0.0
  },
  "translation_violations": {
    "total": 0
  },
  "latency_ms": {
    "mean": 1.1320292592762473
  },
  "rewrite_stage": {
    "ran_count": 0,
    "ran_rate": 0.0
  }
}
