{
  "split_name": "v2_validated_val",
  "source_artifact": "/Users/aris/Documents/VoiceProject/Zphyr/Evals/reports/seed_split_baseline_v2_validated_val_advanced_L2.json",
  "overall": {
    "wer": 0.24566755599689732,
    "cer": 0.10722999426890219,
    "total_examples": 167
  },
  "by_category": {
    "commands": {
      "wer": 0.1626984126984127,
      "cer": 0.027791557675972373,
      "count": 24
    },
    "corrections": {
      "wer": 0.2939484126984127,
      "cer": 0.13144642021889666,
      "count": 24
    },
    "lists": {
      "wer": 0.3858715358715359,
      "cer": 0.23866649100041892,
      "count": 21
    },
    "multilingual": {
      "wer": 0.13839285714285712,
      "cer": 0.026313867848752337,
      "count": 24
    },
    "prose": {
      "wer": 0.1907026307026307,
      "cer": 0.04153902040213508,
      "count": 20
    },
    "short": {
      "wer": 0.4270833333333333,
      "cer": 0.2895750917325995,
      "count": 24
    },
    "technical": {
      "wer": 0.1526058201058201,
      "cer": 0.02205286081419551,
      "count": 30
    }
  },
  "null_edit_preservation": {
    "total": 0,
    "preserved": 0,
    "rate": 0.0
  },
  "protected_terms": {
    "total_examples_with_terms": 54,
    "total_terms": 78,
    "survived": 78,
    "accuracy": 1.0
  },
  "hard_negatives": {
    "total": 16,
    "passed": 0,
    "pass_rate": 0.0
  },
  "translation_violations": {
    "total": 0
  },
  "latency_ms": {
    "mean": 1.136554215482609
  },
  "rewrite_stage": {
    "ran_count": 0,
    "ran_rate": 0.0
  }
}
