{
  "split_name": "v2_validated_val",
  "source_artifact": "/Users/aris/Documents/VoiceProject/Zphyr/Evals/reports/seed_split_postft_v2_round6_v2_validated_val_advanced_L2.json",
  "overall": {
    "wer": 0.2586718338215344,
    "cer": 0.10242814266000334,
    "total_examples": 167
  },
  "by_category": {
    "commands": {
      "wer": 0.16865079365079363,
      "cer": 0.028807817838573998,
      "count": 24
    },
    "corrections": {
      "wer": 0.2787202380952381,
      "cer": 0.1336462741537623,
      "count": 24
    },
    "lists": {
      "wer": 0.42864172864172867,
      "cer": 0.2879290869258478,
      "count": 21
    },
    "multilingual": {
      "wer": 0.13839285714285712,
      "cer": 0.026313867848752337,
      "count": 24
    },
    "prose": {
      "wer": 0.2809074259074259,
      "cer": 0.06922903291768331,
      "count": 20
    },
    "short": {
      "wer": 0.34722222222222227,
      "cer": 0.1548059794093076,
      "count": 24
    },
    "technical": {
      "wer": 0.20623015873015874,
      "cer": 0.047621126613819315,
      "count": 30
    }
  },
  "null_edit_preservation": {
    "total": 0,
    "preserved": 0,
    "rate": 0.0
  },
  "protected_terms": {
    "total_examples_with_terms": 54,
    "total_terms": 78,
    "survived": 59,
    "accuracy": 0.7564102564102564
  },
  "hard_negatives": {
    "total": 16,
    "passed": 1,
    "pass_rate": 0.0625
  },
  "translation_violations": {
    "total": 0
  },
  "reasoning_tag_contamination": {
    "total": 0
  },
  "latency_ms": {
    "mean": 256.8997837112335
  },
  "rewrite_stage": {
    "ran_count": 167,
    "ran_rate": 1.0
  }
}
