{
  "split_name": "v2_validated_val",
  "source_artifact": "/Users/aris/Documents/VoiceProject/Zphyr/Evals/reports/seed_split_postft_v2_round4_v2_validated_val_advanced_L2.json",
  "overall": {
    "wer": 0.2610242718027149,
    "cer": 0.1018716414248594,
    "total_examples": 167
  },
  "by_category": {
    "commands": {
      "wer": 0.16865079365079363,
      "cer": 0.028807817838573998,
      "count": 24
    },
    "corrections": {
      "wer": 0.2717757936507937,
      "cer": 0.13238364789113602,
      "count": 24
    },
    "lists": {
      "wer": 0.42864172864172867,
      "cer": 0.2879290869258478,
      "count": 21
    },
    "multilingual": {
      "wer": 0.13839285714285712,
      "cer": 0.026313867848752337,
      "count": 24
    },
    "prose": {
      "wer": 0.2892407592407592,
      "cer": 0.06337012639211012,
      "count": 20
    },
    "short": {
      "wer": 0.3576388888888889,
      "cer": 0.1548059794093076,
      "count": 24
    },
    "technical": {
      "wer": 0.2109920634920635,
      "cer": 0.04943930843200114,
      "count": 30
    }
  },
  "null_edit_preservation": {
    "total": 0,
    "preserved": 0,
    "rate": 0.0
  },
  "protected_terms": {
    "total_examples_with_terms": 54,
    "total_terms": 78,
    "survived": 59,
    "accuracy": 0.7564102564102564
  },
  "hard_negatives": {
    "total": 16,
    "passed": 1,
    "pass_rate": 0.0625
  },
  "translation_violations": {
    "total": 0
  },
  "reasoning_tag_contamination": {
    "total": 0
  },
  "latency_ms": {
    "mean": 239.59193044079993
  },
  "rewrite_stage": {
    "ran_count": 167,
    "ran_rate": 1.0
  }
}
