{
  "split_name": "v2_validated_test",
  "source_artifact": "/Users/aris/Documents/VoiceProject/Zphyr/Evals/reports/seed_split_postft_v2_round5_v2_validated_test_advanced_L2.json",
  "overall": {
    "wer": 0.2606893356144853,
    "cer": 0.11159677510119649,
    "total_examples": 167
  },
  "by_category": {
    "commands": {
      "wer": 0.20793650793650792,
      "cer": 0.06449480775033409,
      "count": 21
    },
    "corrections": {
      "wer": 0.2863636363636364,
      "cer": 0.14618508878908926,
      "count": 22
    },
    "lists": {
      "wer": 0.45555555555555555,
      "cer": 0.3178114580094387,
      "count": 21
    },
    "multilingual": {
      "wer": 0.13913690476190474,
      "cer": 0.026339921802097738,
      "count": 24
    },
    "prose": {
      "wer": 0.18783333333333335,
      "cer": 0.030289062984922323,
      "count": 25
    },
    "short": {
      "wer": 0.3229166666666667,
      "cer": 0.15781689536526997,
      "count": 24
    },
    "technical": {
      "wer": 0.25055555555555553,
      "cer": 0.07383892403149132,
      "count": 30
    }
  },
  "null_edit_preservation": {
    "total": 0,
    "preserved": 0,
    "rate": 0.0
  },
  "protected_terms": {
    "total_examples_with_terms": 54,
    "total_terms": 78,
    "survived": 60,
    "accuracy": 0.7692307692307693
  },
  "hard_negatives": {
    "total": 14,
    "passed": 1,
    "pass_rate": 0.07142857142857142
  },
  "translation_violations": {
    "total": 0
  },
  "reasoning_tag_contamination": {
    "total": 0
  },
  "latency_ms": {
    "mean": 257.49956990430456
  },
  "rewrite_stage": {
    "ran_count": 166,
    "ran_rate": 0.9940119760479041
  }
}
