{
  "split_name": "v2_validated_val",
  "source_artifact": "/Users/aris/Documents/VoiceProject/Zphyr/Evals/reports/seed_split_postft_v2_round2_v2_validated_val_advanced_L2.json",
  "overall": {
    "wer": 0.2510566944698681,
    "cer": 0.09812276955640031,
    "total_examples": 167
  },
  "by_category": {
    "commands": {
      "wer": 0.15575396825396826,
      "cer": 0.02663767894968511,
      "count": 24
    },
    "corrections": {
      "wer": 0.2717757936507937,
      "cer": 0.13238364789113602,
      "count": 24
    },
    "lists": {
      "wer": 0.43297073297073296,
      "cer": 0.28938726720590746,
      "count": 21
    },
    "multilingual": {
      "wer": 0.13839285714285712,
      "cer": 0.026313867848752337,
      "count": 24
    },
    "prose": {
      "wer": 0.27706127206127207,
      "cer": 0.06865432027400514,
      "count": 20
    },
    "short": {
      "wer": 0.3576388888888889,
      "cer": 0.1443893127426409,
      "count": 24
    },
    "technical": {
      "wer": 0.1709126984126984,
      "cer": 0.034096510691384876,
      "count": 30
    }
  },
  "null_edit_preservation": {
    "total": 0,
    "preserved": 0,
    "rate": 0.0
  },
  "protected_terms": {
    "total_examples_with_terms": 54,
    "total_terms": 78,
    "survived": 59,
    "accuracy": 0.7564102564102564
  },
  "hard_negatives": {
    "total": 16,
    "passed": 3,
    "pass_rate": 0.1875
  },
  "translation_violations": {
    "total": 0
  },
  "reasoning_tag_contamination": {
    "total": 0
  },
  "latency_ms": {
    "mean": 272.829567600867
  },
  "rewrite_stage": {
    "ran_count": 166,
    "ran_rate": 0.9940119760479041
  }
}
