{
  "split_name": "v2_validated_val",
  "source_artifact": "/Users/aris/Documents/VoiceProject/Zphyr/Evals/reports/seed_split_smoke_nomodel_v2_validated_val_advanced_L2.json",
  "overall": {
    "wer": 0.18685027547302996,
    "cer": 0.0959094489153306,
    "total_examples": 167
  },
  "by_category": {
    "commands": {
      "wer": 0.031746031746031744,
      "cer": 0.0071821380976178585,
      "count": 24
    },
    "corrections": {
      "wer": 0.2951388888888889,
      "cer": 0.22399374469776567,
      "count": 24
    },
    "lists": {
      "wer": 0.39937284937284934,
      "cer": 0.19866988159106688,
      "count": 21
    },
    "multilingual": {
      "wer": 0.0,
      "cer": 0.0,
      "count": 24
    },
    "prose": {
      "wer": 0.24240592740592742,
      "cer": 0.051687342075540245,
      "count": 20
    },
    "short": {
      "wer": 0.3020833333333333,
      "cer": 0.17595566735466117,
      "count": 24
    },
    "technical": {
      "wer": 0.09579365079365079,
      "cer": 0.034663547011197685,
      "count": 30
    }
  },
  "null_edit_preservation": {
    "total": 0,
    "preserved": 0,
    "rate": 0.0
  },
  "protected_terms": {
    "total_examples_with_terms": 54,
    "total_terms": 78,
    "survived": 65,
    "accuracy": 0.8333333333333334
  },
  "hard_negatives": {
    "total": 16,
    "passed": 8,
    "pass_rate": 0.5
  },
  "translation_violations": {
    "total": 0
  },
  "latency_ms": {
    "mean": 641.0240855759489
  },
  "rewrite_stage": {
    "ran_count": 163,
    "ran_rate": 0.9760479041916168
  }
}
